IMF Country Code,Country Code,Country,Category,Year,Inflation
213,ARG,Argentina,Energy Consumer Price Inflation,2011,
213,ARG,Argentina,Energy Consumer Price Inflation,2012,
213,ARG,Argentina,Energy Consumer Price Inflation,2013,
213,ARG,Argentina,Energy Consumer Price Inflation,2014,
213,ARG,Argentina,Energy Consumer Price Inflation,2015,
213,ARG,Argentina,Energy Consumer Price Inflation,2016,
213,ARG,Argentina,Energy Consumer Price Inflation,2017,
213,ARG,Argentina,Energy Consumer Price Inflation,2018,52.76
213,ARG,Argentina,Energy Consumer Price Inflation,2019,49.28
213,ARG,Argentina,Energy Consumer Price Inflation,2020,19.95
213,ARG,Argentina,Energy Consumer Price Inflation,2021,26.23
339,BLZ,Belize,Energy Consumer Price Inflation,2011,3.02
339,BLZ,Belize,Energy Consumer Price Inflation,2012,3.02
339,BLZ,Belize,Energy Consumer Price Inflation,2013,0.38
339,BLZ,Belize,Energy Consumer Price Inflation,2014,1.59
339,BLZ,Belize,Energy Consumer Price Inflation,2015,-0.11
339,BLZ,Belize,Energy Consumer Price Inflation,2016,0.56
339,BLZ,Belize,Energy Consumer Price Inflation,2017,0.76
339,BLZ,Belize,Energy Consumer Price Inflation,2018,0.81
339,BLZ,Belize,Energy Consumer Price Inflation,2019,0.19
339,BLZ,Belize,Energy Consumer Price Inflation,2020,0.58
339,BLZ,Belize,Energy Consumer Price Inflation,2021,
218,BOL,Bolivia,Energy Consumer Price Inflation,2011,5.45
218,BOL,Bolivia,Energy Consumer Price Inflation,2012,5.01
218,BOL,Bolivia,Energy Consumer Price Inflation,2013,4.39
218,BOL,Bolivia,Energy Consumer Price Inflation,2014,5.82
218,BOL,Bolivia,Energy Consumer Price Inflation,2015,5.01
218,BOL,Bolivia,Energy Consumer Price Inflation,2016,3.66
218,BOL,Bolivia,Energy Consumer Price Inflation,2017,4.8
218,BOL,Bolivia,Energy Consumer Price Inflation,2018,2.59
218,BOL,Bolivia,Energy Consumer Price Inflation,2019,0.48
218,BOL,Bolivia,Energy Consumer Price Inflation,2020,-0.21
218,BOL,Bolivia,Energy Consumer Price Inflation,2021,0.23
223,BRA,Brazil,Energy Consumer Price Inflation,2011,6.29
223,BRA,Brazil,Energy Consumer Price Inflation,2012,6.75
223,BRA,Brazil,Energy Consumer Price Inflation,2013,3.36
223,BRA,Brazil,Energy Consumer Price Inflation,2014,7.79
223,BRA,Brazil,Energy Consumer Price Inflation,2015,16.76
223,BRA,Brazil,Energy Consumer Price Inflation,2016,7.22
223,BRA,Brazil,Energy Consumer Price Inflation,2017,4.23
223,BRA,Brazil,Energy Consumer Price Inflation,2018,5.83
223,BRA,Brazil,Energy Consumer Price Inflation,2019,4.78
223,BRA,Brazil,Energy Consumer Price Inflation,2020,2.34
223,BRA,Brazil,Energy Consumer Price Inflation,2021,
156,CAN,Canada,Energy Consumer Price Inflation,2011,12.25
156,CAN,Canada,Energy Consumer Price Inflation,2012,1.69
156,CAN,Canada,Energy Consumer Price Inflation,2013,1.5
156,CAN,Canada,Energy Consumer Price Inflation,2014,3.53
156,CAN,Canada,Energy Consumer Price Inflation,2015,-9.57
156,CAN,Canada,Energy Consumer Price Inflation,2016,1.43
156,CAN,Canada,Energy Consumer Price Inflation,2017,1.56
156,CAN,Canada,Energy Consumer Price Inflation,2018,6.7
156,CAN,Canada,Energy Consumer Price Inflation,2019,-2.2
156,CAN,Canada,Energy Consumer Price Inflation,2020,1.49
156,CAN,Canada,Energy Consumer Price Inflation,2021,18.85
228,CHL,Chile,Energy Consumer Price Inflation,2011,6.84
228,CHL,Chile,Energy Consumer Price Inflation,2012,0.32
228,CHL,Chile,Energy Consumer Price Inflation,2013,2.61
228,CHL,Chile,Energy Consumer Price Inflation,2014,6.28
228,CHL,Chile,Energy Consumer Price Inflation,2015,5.16
228,CHL,Chile,Energy Consumer Price Inflation,2016,5.47
228,CHL,Chile,Energy Consumer Price Inflation,2017,3.62
228,CHL,Chile,Energy Consumer Price Inflation,2018,4.29
228,CHL,Chile,Energy Consumer Price Inflation,2019,2.23
228,CHL,Chile,Energy Consumer Price Inflation,2020,2.86
228,CHL,Chile,Energy Consumer Price Inflation,2021,9.01
233,COL,Colombia,Energy Consumer Price Inflation,2011,3.51
233,COL,Colombia,Energy Consumer Price Inflation,2012,3.63
233,COL,Colombia,Energy Consumer Price Inflation,2013,2.81
233,COL,Colombia,Energy Consumer Price Inflation,2014,3.25
233,COL,Colombia,Energy Consumer Price Inflation,2015,4.06
233,COL,Colombia,Energy Consumer Price Inflation,2016,5.93
233,COL,Colombia,Energy Consumer Price Inflation,2017,4.54
233,COL,Colombia,Energy Consumer Price Inflation,2018,4.02
233,COL,Colombia,Energy Consumer Price Inflation,2019,5.7
233,COL,Colombia,Energy Consumer Price Inflation,2020,-1.13
233,COL,Colombia,Energy Consumer Price Inflation,2021,2.9
238,CRI,Costa Rica,Energy Consumer Price Inflation,2011,3.96
238,CRI,Costa Rica,Energy Consumer Price Inflation,2012,7.07
238,CRI,Costa Rica,Energy Consumer Price Inflation,2013,16.74
238,CRI,Costa Rica,Energy Consumer Price Inflation,2014,2.87
238,CRI,Costa Rica,Energy Consumer Price Inflation,2015,-2.16
238,CRI,Costa Rica,Energy Consumer Price Inflation,2016,1.15
238,CRI,Costa Rica,Energy Consumer Price Inflation,2017,1.23
238,CRI,Costa Rica,Energy Consumer Price Inflation,2018,4.34
238,CRI,Costa Rica,Energy Consumer Price Inflation,2019,-1.01
238,CRI,Costa Rica,Energy Consumer Price Inflation,2020,1.91
238,CRI,Costa Rica,Energy Consumer Price Inflation,2021,-1.49
248,ECU,Ecuador,Energy Consumer Price Inflation,2011,2.16
248,ECU,Ecuador,Energy Consumer Price Inflation,2012,2.56
248,ECU,Ecuador,Energy Consumer Price Inflation,2013,2.2
248,ECU,Ecuador,Energy Consumer Price Inflation,2014,3.71
248,ECU,Ecuador,Energy Consumer Price Inflation,2015,5.53
248,ECU,Ecuador,Energy Consumer Price Inflation,2016,3.46
248,ECU,Ecuador,Energy Consumer Price Inflation,2017,2.03
248,ECU,Ecuador,Energy Consumer Price Inflation,2018,1.43
248,ECU,Ecuador,Energy Consumer Price Inflation,2019,0.81
248,ECU,Ecuador,Energy Consumer Price Inflation,2020,0.38
248,ECU,Ecuador,Energy Consumer Price Inflation,2021,0.02
258,GTM,Guatemala,Energy Consumer Price Inflation,2011,5.32
258,GTM,Guatemala,Energy Consumer Price Inflation,2012,0.3
258,GTM,Guatemala,Energy Consumer Price Inflation,2013,4.23
258,GTM,Guatemala,Energy Consumer Price Inflation,2014,1.94
258,GTM,Guatemala,Energy Consumer Price Inflation,2015,-6.28
258,GTM,Guatemala,Energy Consumer Price Inflation,2016,2.44
258,GTM,Guatemala,Energy Consumer Price Inflation,2017,2.14
258,GTM,Guatemala,Energy Consumer Price Inflation,2018,2.38
258,GTM,Guatemala,Energy Consumer Price Inflation,2019,1.4
258,GTM,Guatemala,Energy Consumer Price Inflation,2020,-0.06
258,GTM,Guatemala,Energy Consumer Price Inflation,2021,4.82
268,HND,Honduras,Energy Consumer Price Inflation,2011,8.35
268,HND,Honduras,Energy Consumer Price Inflation,2012,5.19
268,HND,Honduras,Energy Consumer Price Inflation,2013,5.28
268,HND,Honduras,Energy Consumer Price Inflation,2014,4.92
268,HND,Honduras,Energy Consumer Price Inflation,2015,2.23
268,HND,Honduras,Energy Consumer Price Inflation,2016,2.1
268,HND,Honduras,Energy Consumer Price Inflation,2017,5.53
268,HND,Honduras,Energy Consumer Price Inflation,2018,4.37
268,HND,Honduras,Energy Consumer Price Inflation,2019,6.55
268,HND,Honduras,Energy Consumer Price Inflation,2020,0.41
268,HND,Honduras,Energy Consumer Price Inflation,2021,3.3
263,HTI,Haiti,Energy Consumer Price Inflation,2011,
263,HTI,Haiti,Energy Consumer Price Inflation,2012,7.28
263,HTI,Haiti,Energy Consumer Price Inflation,2013,5.91
263,HTI,Haiti,Energy Consumer Price Inflation,2014,5.6
263,HTI,Haiti,Energy Consumer Price Inflation,2015,8.54
263,HTI,Haiti,Energy Consumer Price Inflation,2016,13.84
263,HTI,Haiti,Energy Consumer Price Inflation,2017,20.22
263,HTI,Haiti,Energy Consumer Price Inflation,2018,12.46
263,HTI,Haiti,Energy Consumer Price Inflation,2019,15.9
263,HTI,Haiti,Energy Consumer Price Inflation,2020,18.54
263,HTI,Haiti,Energy Consumer Price Inflation,2021,14.4
343,JAM,Jamaica,Energy Consumer Price Inflation,2011,12.24
343,JAM,Jamaica,Energy Consumer Price Inflation,2012,5.85
343,JAM,Jamaica,Energy Consumer Price Inflation,2013,8.29
343,JAM,Jamaica,Energy Consumer Price Inflation,2014,6.47
343,JAM,Jamaica,Energy Consumer Price Inflation,2015,-9.1
343,JAM,Jamaica,Energy Consumer Price Inflation,2016,-1.38
343,JAM,Jamaica,Energy Consumer Price Inflation,2017,11.1
343,JAM,Jamaica,Energy Consumer Price Inflation,2018,6.31
343,JAM,Jamaica,Energy Consumer Price Inflation,2019,1.3
343,JAM,Jamaica,Energy Consumer Price Inflation,2020,2.14
343,JAM,Jamaica,Energy Consumer Price Inflation,2021,
273,MEX,Mexico,Energy Consumer Price Inflation,2011,2.19
273,MEX,Mexico,Energy Consumer Price Inflation,2012,2.51
273,MEX,Mexico,Energy Consumer Price Inflation,2013,2.8
273,MEX,Mexico,Energy Consumer Price Inflation,2014,2.9
273,MEX,Mexico,Energy Consumer Price Inflation,2015,1.87
273,MEX,Mexico,Energy Consumer Price Inflation,2016,1.72
273,MEX,Mexico,Energy Consumer Price Inflation,2017,3.91
273,MEX,Mexico,Energy Consumer Price Inflation,2018,3.91
273,MEX,Mexico,Energy Consumer Price Inflation,2019,2.43
273,MEX,Mexico,Energy Consumer Price Inflation,2020,2.6
273,MEX,Mexico,Energy Consumer Price Inflation,2021,13.71
278,NIC,Nicaragua,Energy Consumer Price Inflation,2011,8.16
278,NIC,Nicaragua,Energy Consumer Price Inflation,2012,4.41
278,NIC,Nicaragua,Energy Consumer Price Inflation,2013,5.53
278,NIC,Nicaragua,Energy Consumer Price Inflation,2014,6.93
278,NIC,Nicaragua,Energy Consumer Price Inflation,2015,-0.62
278,NIC,Nicaragua,Energy Consumer Price Inflation,2016,3.82
278,NIC,Nicaragua,Energy Consumer Price Inflation,2017,9.14
278,NIC,Nicaragua,Energy Consumer Price Inflation,2018,7.12
278,NIC,Nicaragua,Energy Consumer Price Inflation,2019,5.18
278,NIC,Nicaragua,Energy Consumer Price Inflation,2020,4.65
278,NIC,Nicaragua,Energy Consumer Price Inflation,2021,2.21
283,PAN,Panama,Energy Consumer Price Inflation,2011,1.76
283,PAN,Panama,Energy Consumer Price Inflation,2012,3.3
283,PAN,Panama,Energy Consumer Price Inflation,2013,4.11
283,PAN,Panama,Energy Consumer Price Inflation,2014,1.53
283,PAN,Panama,Energy Consumer Price Inflation,2015,-1.17
283,PAN,Panama,Energy Consumer Price Inflation,2016,-0.98
283,PAN,Panama,Energy Consumer Price Inflation,2017,1.92
283,PAN,Panama,Energy Consumer Price Inflation,2018,0.64
283,PAN,Panama,Energy Consumer Price Inflation,2019,-0.29
283,PAN,Panama,Energy Consumer Price Inflation,2020,-4.07
283,PAN,Panama,Energy Consumer Price Inflation,2021,-3.75
293,PER,Peru,Energy Consumer Price Inflation,2011,3.1
293,PER,Peru,Energy Consumer Price Inflation,2012,2.38
293,PER,Peru,Energy Consumer Price Inflation,2013,3.02
293,PER,Peru,Energy Consumer Price Inflation,2014,3.96
293,PER,Peru,Energy Consumer Price Inflation,2015,4.84
293,PER,Peru,Energy Consumer Price Inflation,2016,4.89
293,PER,Peru,Energy Consumer Price Inflation,2017,2.27
293,PER,Peru,Energy Consumer Price Inflation,2018,4.14
293,PER,Peru,Energy Consumer Price Inflation,2019,2.16
293,PER,Peru,Energy Consumer Price Inflation,2020,1.24
293,PER,Peru,Energy Consumer Price Inflation,2021,
566,PHL,Philippines,Energy Consumer Price Inflation,2011,5.08
566,PHL,Philippines,Energy Consumer Price Inflation,2012,4.12
566,PHL,Philippines,Energy Consumer Price Inflation,2013,1.75
566,PHL,Philippines,Energy Consumer Price Inflation,2014,2.55
566,PHL,Philippines,Energy Consumer Price Inflation,2015,-1.15
566,PHL,Philippines,Energy Consumer Price Inflation,2016,0.38
566,PHL,Philippines,Energy Consumer Price Inflation,2017,2.74
566,PHL,Philippines,Energy Consumer Price Inflation,2018,3.97
566,PHL,Philippines,Energy Consumer Price Inflation,2019,2.4
566,PHL,Philippines,Energy Consumer Price Inflation,2020,0.91
566,PHL,Philippines,Energy Consumer Price Inflation,2021,
288,PRY,Paraguay,Energy Consumer Price Inflation,2011,7.72
288,PRY,Paraguay,Energy Consumer Price Inflation,2012,9.7
288,PRY,Paraguay,Energy Consumer Price Inflation,2013,4.94
288,PRY,Paraguay,Energy Consumer Price Inflation,2014,4.69
288,PRY,Paraguay,Energy Consumer Price Inflation,2015,3.02
288,PRY,Paraguay,Energy Consumer Price Inflation,2016,2.49
288,PRY,Paraguay,Energy Consumer Price Inflation,2017,2.38
288,PRY,Paraguay,Energy Consumer Price Inflation,2018,3.01
288,PRY,Paraguay,Energy Consumer Price Inflation,2019,2.94
288,PRY,Paraguay,Energy Consumer Price Inflation,2020,1.41
288,PRY,Paraguay,Energy Consumer Price Inflation,2021,2.44
369,TTO,Trinidad and Tobago,Energy Consumer Price Inflation,2011,3.13
369,TTO,Trinidad and Tobago,Energy Consumer Price Inflation,2012,2.89
369,TTO,Trinidad and Tobago,Energy Consumer Price Inflation,2013,3.93
369,TTO,Trinidad and Tobago,Energy Consumer Price Inflation,2014,5.37
369,TTO,Trinidad and Tobago,Energy Consumer Price Inflation,2015,5.01
369,TTO,Trinidad and Tobago,Energy Consumer Price Inflation,2016,4.91
369,TTO,Trinidad and Tobago,Energy Consumer Price Inflation,2017,5.33
369,TTO,Trinidad and Tobago,Energy Consumer Price Inflation,2018,4.8
369,TTO,Trinidad and Tobago,Energy Consumer Price Inflation,2019,4.8
369,TTO,Trinidad and Tobago,Energy Consumer Price Inflation,2020,4.74
369,TTO,Trinidad and Tobago,Energy Consumer Price Inflation,2021,4.97
298,URY,Uruguay,Energy Consumer Price Inflation,2011,1.32
298,URY,Uruguay,Energy Consumer Price Inflation,2012,1.65
298,URY,Uruguay,Energy Consumer Price Inflation,2013,2.08
298,URY,Uruguay,Energy Consumer Price Inflation,2014,2.58
298,URY,Uruguay,Energy Consumer Price Inflation,2015,2.08
298,URY,Uruguay,Energy Consumer Price Inflation,2016,2.48
298,URY,Uruguay,Energy Consumer Price Inflation,2017,2.97
298,URY,Uruguay,Energy Consumer Price Inflation,2018,2.89
298,URY,Uruguay,Energy Consumer Price Inflation,2019,-2.11
298,URY,Uruguay,Energy Consumer Price Inflation,2020,7.18
298,URY,Uruguay,Energy Consumer Price Inflation,2021,21.01
111,USA,United States,Energy Consumer Price Inflation,2011,
111,USA,United States,Energy Consumer Price Inflation,2012,
111,USA,United States,Energy Consumer Price Inflation,2013,
111,USA,United States,Energy Consumer Price Inflation,2014,2.97
111,USA,United States,Energy Consumer Price Inflation,2015,2.33
111,USA,United States,Energy Consumer Price Inflation,2016,16.9
111,USA,United States,Energy Consumer Price Inflation,2017,7.1
111,USA,United States,Energy Consumer Price Inflation,2018,25.6
111,USA,United States,Energy Consumer Price Inflation,2019,21.27
111,USA,United States,Energy Consumer Price Inflation,2020,2.59
111,USA,United States,Energy Consumer Price Inflation,2021,3.02
299,VEN,Venezuela RB,Energy Consumer Price Inflation,2011,12.14
299,VEN,Venezuela RB,Energy Consumer Price Inflation,2012,9.83
299,VEN,Venezuela RB,Energy Consumer Price Inflation,2013,12.1
299,VEN,Venezuela RB,Energy Consumer Price Inflation,2014,16.37
299,VEN,Venezuela RB,Energy Consumer Price Inflation,2015,22.12
299,VEN,Venezuela RB,Energy Consumer Price Inflation,2016,2.5
299,VEN,Venezuela RB,Energy Consumer Price Inflation,2017,109.58
299,VEN,Venezuela RB,Energy Consumer Price Inflation,2018,94802.37
299,VEN,Venezuela RB,Energy Consumer Price Inflation,2019,17687.47
299,VEN,Venezuela RB,Energy Consumer Price Inflation,2020,1.79
299,VEN,Venezuela RB,Energy Consumer Price Inflation,2021,
213,ARG,Argentina,Food Consumer Price Inflation,2011,14.4
213,ARG,Argentina,Food Consumer Price Inflation,2012,8.7
213,ARG,Argentina,Food Consumer Price Inflation,2013,
213,ARG,Argentina,Food Consumer Price Inflation,2014,
213,ARG,Argentina,Food Consumer Price Inflation,2015,
213,ARG,Argentina,Food Consumer Price Inflation,2016,49.43
213,ARG,Argentina,Food Consumer Price Inflation,2017,20.36
213,ARG,Argentina,Food Consumer Price Inflation,2018,32.74
213,ARG,Argentina,Food Consumer Price Inflation,2019,58.34
213,ARG,Argentina,Food Consumer Price Inflation,2020,46.97
213,ARG,Argentina,Food Consumer Price Inflation,2021,49.85
339,BLZ,Belize,Food Consumer Price Inflation,2011,0.42
339,BLZ,Belize,Food Consumer Price Inflation,2012,2.38
339,BLZ,Belize,Food Consumer Price Inflation,2013,1.47
339,BLZ,Belize,Food Consumer Price Inflation,2014,0.79
339,BLZ,Belize,Food Consumer Price Inflation,2015,-0.38
339,BLZ,Belize,Food Consumer Price Inflation,2016,0.07
339,BLZ,Belize,Food Consumer Price Inflation,2017,-1.12
339,BLZ,Belize,Food Consumer Price Inflation,2018,-0.53
339,BLZ,Belize,Food Consumer Price Inflation,2019,0.64
339,BLZ,Belize,Food Consumer Price Inflation,2020,1.12
339,BLZ,Belize,Food Consumer Price Inflation,2021,
218,BOL,Bolivia,Food Consumer Price Inflation,2011,13.94
218,BOL,Bolivia,Food Consumer Price Inflation,2012,3.92
218,BOL,Bolivia,Food Consumer Price Inflation,2013,8.85
218,BOL,Bolivia,Food Consumer Price Inflation,2014,8.12
218,BOL,Bolivia,Food Consumer Price Inflation,2015,4.61
218,BOL,Bolivia,Food Consumer Price Inflation,2016,5.51
218,BOL,Bolivia,Food Consumer Price Inflation,2017,3.35
218,BOL,Bolivia,Food Consumer Price Inflation,2018,2.54
218,BOL,Bolivia,Food Consumer Price Inflation,2019,3.36
218,BOL,Bolivia,Food Consumer Price Inflation,2020,-0.65
218,BOL,Bolivia,Food Consumer Price Inflation,2021,0.61
223,BRA,Brazil,Food Consumer Price Inflation,2011,8.85
223,BRA,Brazil,Food Consumer Price Inflation,2012,8.13
223,BRA,Brazil,Food Consumer Price Inflation,2013,11.16
223,BRA,Brazil,Food Consumer Price Inflation,2014,7.52
223,BRA,Brazil,Food Consumer Price Inflation,2015,9.8
223,BRA,Brazil,Food Consumer Price Inflation,2016,12.49
223,BRA,Brazil,Food Consumer Price Inflation,2017,0.89
223,BRA,Brazil,Food Consumer Price Inflation,2018,0.87
223,BRA,Brazil,Food Consumer Price Inflation,2019,4.86
223,BRA,Brazil,Food Consumer Price Inflation,2020,9.07
223,BRA,Brazil,Food Consumer Price Inflation,2021,
156,CAN,Canada,Food Consumer Price Inflation,2011,4.24
156,CAN,Canada,Food Consumer Price Inflation,2012,2.35
156,CAN,Canada,Food Consumer Price Inflation,2013,1.09
156,CAN,Canada,Food Consumer Price Inflation,2014,2.51
156,CAN,Canada,Food Consumer Price Inflation,2015,4.1
156,CAN,Canada,Food Consumer Price Inflation,2016,1.02
156,CAN,Canada,Food Consumer Price Inflation,2017,-1.01
156,CAN,Canada,Food Consumer Price Inflation,2018,0.81
156,CAN,Canada,Food Consumer Price Inflation,2019,3.68
156,CAN,Canada,Food Consumer Price Inflation,2020,2.4
156,CAN,Canada,Food Consumer Price Inflation,2021,2.2
228,CHL,Chile,Food Consumer Price Inflation,2011,6.69
228,CHL,Chile,Food Consumer Price Inflation,2012,7.63
228,CHL,Chile,Food Consumer Price Inflation,2013,4.43
228,CHL,Chile,Food Consumer Price Inflation,2014,6.98
228,CHL,Chile,Food Consumer Price Inflation,2015,7.12
228,CHL,Chile,Food Consumer Price Inflation,2016,3.82
228,CHL,Chile,Food Consumer Price Inflation,2017,2.01
228,CHL,Chile,Food Consumer Price Inflation,2018,3.06
228,CHL,Chile,Food Consumer Price Inflation,2019,2.38
228,CHL,Chile,Food Consumer Price Inflation,2020,6.74
228,CHL,Chile,Food Consumer Price Inflation,2021,5.41
233,COL,Colombia,Food Consumer Price Inflation,2011,4.57
233,COL,Colombia,Food Consumer Price Inflation,2012,3.42
233,COL,Colombia,Food Consumer Price Inflation,2013,0.41
233,COL,Colombia,Food Consumer Price Inflation,2014,2.97
233,COL,Colombia,Food Consumer Price Inflation,2015,8.63
233,COL,Colombia,Food Consumer Price Inflation,2016,13.11
233,COL,Colombia,Food Consumer Price Inflation,2017,0.69
233,COL,Colombia,Food Consumer Price Inflation,2018,0.83
233,COL,Colombia,Food Consumer Price Inflation,2019,4.89
233,COL,Colombia,Food Consumer Price Inflation,2020,5.55
233,COL,Colombia,Food Consumer Price Inflation,2021,9.72
238,CRI,Costa Rica,Food Consumer Price Inflation,2011,5.6
238,CRI,Costa Rica,Food Consumer Price Inflation,2012,3.53
238,CRI,Costa Rica,Food Consumer Price Inflation,2013,3.83
238,CRI,Costa Rica,Food Consumer Price Inflation,2014,4.27
238,CRI,Costa Rica,Food Consumer Price Inflation,2015,3.19
238,CRI,Costa Rica,Food Consumer Price Inflation,2016,-0.81
238,CRI,Costa Rica,Food Consumer Price Inflation,2017,1.68
238,CRI,Costa Rica,Food Consumer Price Inflation,2018,1.63
238,CRI,Costa Rica,Food Consumer Price Inflation,2019,0.8
238,CRI,Costa Rica,Food Consumer Price Inflation,2020,0.48
238,CRI,Costa Rica,Food Consumer Price Inflation,2021,2.24
243,DOM,Dominican Republic,Food Consumer Price Inflation,2011,9.14
243,DOM,Dominican Republic,Food Consumer Price Inflation,2012,5
243,DOM,Dominican Republic,Food Consumer Price Inflation,2013,4.65
243,DOM,Dominican Republic,Food Consumer Price Inflation,2014,3.91
243,DOM,Dominican Republic,Food Consumer Price Inflation,2015,6.74
243,DOM,Dominican Republic,Food Consumer Price Inflation,2016,2.15
243,DOM,Dominican Republic,Food Consumer Price Inflation,2017,2.31
243,DOM,Dominican Republic,Food Consumer Price Inflation,2018,3.61
243,DOM,Dominican Republic,Food Consumer Price Inflation,2019,3.75
243,DOM,Dominican Republic,Food Consumer Price Inflation,2020,6.35
243,DOM,Dominican Republic,Food Consumer Price Inflation,2021,9.87
248,ECU,Ecuador,Food Consumer Price Inflation,2011,6.73
248,ECU,Ecuador,Food Consumer Price Inflation,2012,5.81
248,ECU,Ecuador,Food Consumer Price Inflation,2013,1.78
248,ECU,Ecuador,Food Consumer Price Inflation,2014,4.52
248,ECU,Ecuador,Food Consumer Price Inflation,2015,4.21
248,ECU,Ecuador,Food Consumer Price Inflation,2016,2.54
248,ECU,Ecuador,Food Consumer Price Inflation,2017,0.5
248,ECU,Ecuador,Food Consumer Price Inflation,2018,-1.63
248,ECU,Ecuador,Food Consumer Price Inflation,2019,0.04
248,ECU,Ecuador,Food Consumer Price Inflation,2020,0.76
258,GTM,Guatemala,Food Consumer Price Inflation,2021,-0.85
258,GTM,Guatemala,Food Consumer Price Inflation,2011,10.66
258,GTM,Guatemala,Food Consumer Price Inflation,2012,7.18
258,GTM,Guatemala,Food Consumer Price Inflation,2013,8.38
258,GTM,Guatemala,Food Consumer Price Inflation,2014,7.46
258,GTM,Guatemala,Food Consumer Price Inflation,2015,9.32
258,GTM,Guatemala,Food Consumer Price Inflation,2016,9.94
258,GTM,Guatemala,Food Consumer Price Inflation,2017,8.9
258,GTM,Guatemala,Food Consumer Price Inflation,2018,7.23
258,GTM,Guatemala,Food Consumer Price Inflation,2019,7.82
258,GTM,Guatemala,Food Consumer Price Inflation,2020,6.37
268,HND,Honduras,Food Consumer Price Inflation,2021,4.79
268,HND,Honduras,Food Consumer Price Inflation,2011,6.15
268,HND,Honduras,Food Consumer Price Inflation,2012,3.01
268,HND,Honduras,Food Consumer Price Inflation,2013,5.06
268,HND,Honduras,Food Consumer Price Inflation,2014,6.72
268,HND,Honduras,Food Consumer Price Inflation,2015,3.25
268,HND,Honduras,Food Consumer Price Inflation,2016,0.97
268,HND,Honduras,Food Consumer Price Inflation,2017,1.58
268,HND,Honduras,Food Consumer Price Inflation,2018,3.52
268,HND,Honduras,Food Consumer Price Inflation,2019,2.17
268,HND,Honduras,Food Consumer Price Inflation,2020,4.68
268,HND,Honduras,Food Consumer Price Inflation,2021,2.9
263,HTI,Haiti,Food Consumer Price Inflation,2011,10.2
263,HTI,Haiti,Food Consumer Price Inflation,2012,6.64
263,HTI,Haiti,Food Consumer Price Inflation,2013,6.49
263,HTI,Haiti,Food Consumer Price Inflation,2014,3.8
263,HTI,Haiti,Food Consumer Price Inflation,2015,9.47
263,HTI,Haiti,Food Consumer Price Inflation,2016,14.69
263,HTI,Haiti,Food Consumer Price Inflation,2017,14.22
263,HTI,Haiti,Food Consumer Price Inflation,2018,13.8
263,HTI,Haiti,Food Consumer Price Inflation,2019,22.23
263,HTI,Haiti,Food Consumer Price Inflation,2020,25.99
263,HTI,Haiti,Food Consumer Price Inflation,2021,19.65
343,JAM,Jamaica,Food Consumer Price Inflation,2011,7.69
343,JAM,Jamaica,Food Consumer Price Inflation,2012,10.82
343,JAM,Jamaica,Food Consumer Price Inflation,2013,12.5
343,JAM,Jamaica,Food Consumer Price Inflation,2014,8.62
343,JAM,Jamaica,Food Consumer Price Inflation,2015,7.77
343,JAM,Jamaica,Food Consumer Price Inflation,2016,3.98
343,JAM,Jamaica,Food Consumer Price Inflation,2017,4.46
343,JAM,Jamaica,Food Consumer Price Inflation,2018,4.08
343,JAM,Jamaica,Food Consumer Price Inflation,2019,6.33
343,JAM,Jamaica,Food Consumer Price Inflation,2020,10.83
343,JAM,Jamaica,Food Consumer Price Inflation,2021,6.69
273,MEX,Mexico,Food Consumer Price Inflation,2011,4.36
273,MEX,Mexico,Food Consumer Price Inflation,2012,8.12
273,MEX,Mexico,Food Consumer Price Inflation,2013,5.17
273,MEX,Mexico,Food Consumer Price Inflation,2014,4.74
273,MEX,Mexico,Food Consumer Price Inflation,2015,3.99
273,MEX,Mexico,Food Consumer Price Inflation,2016,4.47
273,MEX,Mexico,Food Consumer Price Inflation,2017,6.97
273,MEX,Mexico,Food Consumer Price Inflation,2018,4.8
273,MEX,Mexico,Food Consumer Price Inflation,2019,4.39
273,MEX,Mexico,Food Consumer Price Inflation,2020,6.62
273,MEX,Mexico,Food Consumer Price Inflation,2021,7.23
278,NIC,Nicaragua,Food Consumer Price Inflation,2011,9.11
278,NIC,Nicaragua,Food Consumer Price Inflation,2012,8.6
278,NIC,Nicaragua,Food Consumer Price Inflation,2013,9.39
278,NIC,Nicaragua,Food Consumer Price Inflation,2014,7.87
278,NIC,Nicaragua,Food Consumer Price Inflation,2015,4.74
278,NIC,Nicaragua,Food Consumer Price Inflation,2016,1.52
278,NIC,Nicaragua,Food Consumer Price Inflation,2017,0.58
278,NIC,Nicaragua,Food Consumer Price Inflation,2018,4.18
278,NIC,Nicaragua,Food Consumer Price Inflation,2019,4.58
278,NIC,Nicaragua,Food Consumer Price Inflation,2020,5.13
278,NIC,Nicaragua,Food Consumer Price Inflation,2021,6.38
283,PAN,Panama,Food Consumer Price Inflation,2011,5.91
283,PAN,Panama,Food Consumer Price Inflation,2012,8.08
283,PAN,Panama,Food Consumer Price Inflation,2013,5.75
283,PAN,Panama,Food Consumer Price Inflation,2014,3.04
283,PAN,Panama,Food Consumer Price Inflation,2015,-1.69
283,PAN,Panama,Food Consumer Price Inflation,2016,1.47
283,PAN,Panama,Food Consumer Price Inflation,2017,-0.54
283,PAN,Panama,Food Consumer Price Inflation,2018,-0.64
283,PAN,Panama,Food Consumer Price Inflation,2019,0.49
283,PAN,Panama,Food Consumer Price Inflation,2020,-0.82
283,PAN,Panama,Food Consumer Price Inflation,2021,1.64
293,PER,Peru,Food Consumer Price Inflation,2011,3.75
293,PER,Peru,Food Consumer Price Inflation,2012,4.17
293,PER,Peru,Food Consumer Price Inflation,2013,3.19
293,PER,Peru,Food Consumer Price Inflation,2014,3.81
293,PER,Peru,Food Consumer Price Inflation,2015,4.58
293,PER,Peru,Food Consumer Price Inflation,2016,4.1
293,PER,Peru,Food Consumer Price Inflation,2017,0.31
293,PER,Peru,Food Consumer Price Inflation,2018,-0.37
293,PER,Peru,Food Consumer Price Inflation,2019,1.7
293,PER,Peru,Food Consumer Price Inflation,2020,1.89
293,PER,Peru,Food Consumer Price Inflation,2021,4.69
566,PHL,Philippines,Food Consumer Price Inflation,2011,5.48
566,PHL,Philippines,Food Consumer Price Inflation,2012,2.59
566,PHL,Philippines,Food Consumer Price Inflation,2013,2.53
566,PHL,Philippines,Food Consumer Price Inflation,2014,5.77
566,PHL,Philippines,Food Consumer Price Inflation,2015,1.89
566,PHL,Philippines,Food Consumer Price Inflation,2016,1.58
566,PHL,Philippines,Food Consumer Price Inflation,2017,3.05
566,PHL,Philippines,Food Consumer Price Inflation,2018,6.85
566,PHL,Philippines,Food Consumer Price Inflation,2019,2.06
566,PHL,Philippines,Food Consumer Price Inflation,2020,2.73
566,PHL,Philippines,Food Consumer Price Inflation,2021,4.18
288,PRY,Paraguay,Food Consumer Price Inflation,2011,13.33
288,PRY,Paraguay,Food Consumer Price Inflation,2012,-1.89
288,PRY,Paraguay,Food Consumer Price Inflation,2013,3.22
288,PRY,Paraguay,Food Consumer Price Inflation,2014,6.45
288,PRY,Paraguay,Food Consumer Price Inflation,2015,2.95
288,PRY,Paraguay,Food Consumer Price Inflation,2016,5.86
288,PRY,Paraguay,Food Consumer Price Inflation,2017,5.74
288,PRY,Paraguay,Food Consumer Price Inflation,2018,3.9
288,PRY,Paraguay,Food Consumer Price Inflation,2019,1.16
288,PRY,Paraguay,Food Consumer Price Inflation,2020,1.21
288,PRY,Paraguay,Food Consumer Price Inflation,2021,9.22
253,SLV,El Salvador,Food Consumer Price Inflation,2011,6.94
253,SLV,El Salvador,Food Consumer Price Inflation,2012,0.3
253,SLV,El Salvador,Food Consumer Price Inflation,2013,2.39
253,SLV,El Salvador,Food Consumer Price Inflation,2014,3.19
253,SLV,El Salvador,Food Consumer Price Inflation,2015,1.37
253,SLV,El Salvador,Food Consumer Price Inflation,2016,-0.56
253,SLV,El Salvador,Food Consumer Price Inflation,2017,0.16
253,SLV,El Salvador,Food Consumer Price Inflation,2018,0.53
253,SLV,El Salvador,Food Consumer Price Inflation,2019,1.16
253,SLV,El Salvador,Food Consumer Price Inflation,2020,1.58
253,SLV,El Salvador,Food Consumer Price Inflation,2021,2.27
369,TTO,Trinidad and Tobago,Food Consumer Price Inflation,2011,10.47
369,TTO,Trinidad and Tobago,Food Consumer Price Inflation,2012,19.09
369,TTO,Trinidad and Tobago,Food Consumer Price Inflation,2013,8.73
369,TTO,Trinidad and Tobago,Food Consumer Price Inflation,2014,10.04
369,TTO,Trinidad and Tobago,Food Consumer Price Inflation,2015,8.56
369,TTO,Trinidad and Tobago,Food Consumer Price Inflation,2016,7.47
369,TTO,Trinidad and Tobago,Food Consumer Price Inflation,2017,2.92
369,TTO,Trinidad and Tobago,Food Consumer Price Inflation,2018,1.12
369,TTO,Trinidad and Tobago,Food Consumer Price Inflation,2019,0.57
369,TTO,Trinidad and Tobago,Food Consumer Price Inflation,2020,2.8
369,TTO,Trinidad and Tobago,Food Consumer Price Inflation,2021,4.39
298,URY,Uruguay,Food Consumer Price Inflation,2011,9.54
298,URY,Uruguay,Food Consumer Price Inflation,2012,8.39
298,URY,Uruguay,Food Consumer Price Inflation,2013,10.68
298,URY,Uruguay,Food Consumer Price Inflation,2014,10.42
298,URY,Uruguay,Food Consumer Price Inflation,2015,9.47
298,URY,Uruguay,Food Consumer Price Inflation,2016,9.62
298,URY,Uruguay,Food Consumer Price Inflation,2017,2.81
298,URY,Uruguay,Food Consumer Price Inflation,2018,8.34
298,URY,Uruguay,Food Consumer Price Inflation,2019,8.76
298,URY,Uruguay,Food Consumer Price Inflation,2020,13.76
298,URY,Uruguay,Food Consumer Price Inflation,2021,6.8
111,USA,United States,Food Consumer Price Inflation,2011,3.58
111,USA,United States,Food Consumer Price Inflation,2012,2.55
111,USA,United States,Food Consumer Price Inflation,2013,1.41
111,USA,United States,Food Consumer Price Inflation,2014,2.31
111,USA,United States,Food Consumer Price Inflation,2015,1.8
111,USA,United States,Food Consumer Price Inflation,2016,0.34
111,USA,United States,Food Consumer Price Inflation,2017,0.88
111,USA,United States,Food Consumer Price Inflation,2018,1.4
111,USA,United States,Food Consumer Price Inflation,2019,0.89
111,USA,United States,Food Consumer Price Inflation,2020,3.51
111,USA,United States,Food Consumer Price Inflation,2021,3.47
299,VEN,Venezuela RB,Food Consumer Price Inflation,2011,29.92
299,VEN,Venezuela RB,Food Consumer Price Inflation,2012,24.8
299,VEN,Venezuela RB,Food Consumer Price Inflation,2013,54.15
299,VEN,Venezuela RB,Food Consumer Price Inflation,2014,86.73
299,VEN,Venezuela RB,Food Consumer Price Inflation,2015,218.67
299,VEN,Venezuela RB,Food Consumer Price Inflation,2016,217.74
299,VEN,Venezuela RB,Food Consumer Price Inflation,2017,482.7
299,VEN,Venezuela RB,Food Consumer Price Inflation,2018,38386
299,VEN,Venezuela RB,Food Consumer Price Inflation,2019,17710.79
299,VEN,Venezuela RB,Food Consumer Price Inflation,2020,2220
299,VEN,Venezuela RB,Food Consumer Price Inflation,2021,1346.91
213,ARG,Argentina,Headline Consumer Price Inflation,2011,9.77
213,ARG,Argentina,Headline Consumer Price Inflation,2012,10.04
213,ARG,Argentina,Headline Consumer Price Inflation,2013,10.62
213,ARG,Argentina,Headline Consumer Price Inflation,2014,38.08
213,ARG,Argentina,Headline Consumer Price Inflation,2015,26.54
213,ARG,Argentina,Headline Consumer Price Inflation,2016,39.4
213,ARG,Argentina,Headline Consumer Price Inflation,2017,25.68
213,ARG,Argentina,Headline Consumer Price Inflation,2018,34.28
213,ARG,Argentina,Headline Consumer Price Inflation,2019,53.55
213,ARG,Argentina,Headline Consumer Price Inflation,2020,42.02
213,ARG,Argentina,Headline Consumer Price Inflation,2021,48.41
339,BLZ,Belize,Headline Consumer Price Inflation,2011,1.7
339,BLZ,Belize,Headline Consumer Price Inflation,2012,1.3
339,BLZ,Belize,Headline Consumer Price Inflation,2013,0.51
339,BLZ,Belize,Headline Consumer Price Inflation,2014,1.2
339,BLZ,Belize,Headline Consumer Price Inflation,2015,-0.85
339,BLZ,Belize,Headline Consumer Price Inflation,2016,0.66
339,BLZ,Belize,Headline Consumer Price Inflation,2017,1.15
339,BLZ,Belize,Headline Consumer Price Inflation,2018,0.24
339,BLZ,Belize,Headline Consumer Price Inflation,2019,0.19
339,BLZ,Belize,Headline Consumer Price Inflation,2020,0.12
339,BLZ,Belize,Headline Consumer Price Inflation,2021,3.26
218,BOL,Bolivia,Headline Consumer Price Inflation,2011,9.88
218,BOL,Bolivia,Headline Consumer Price Inflation,2012,4.51
218,BOL,Bolivia,Headline Consumer Price Inflation,2013,5.74
218,BOL,Bolivia,Headline Consumer Price Inflation,2014,5.76
218,BOL,Bolivia,Headline Consumer Price Inflation,2015,4.06
218,BOL,Bolivia,Headline Consumer Price Inflation,2016,3.63
218,BOL,Bolivia,Headline Consumer Price Inflation,2017,2.82
218,BOL,Bolivia,Headline Consumer Price Inflation,2018,2.27
218,BOL,Bolivia,Headline Consumer Price Inflation,2019,1.84
218,BOL,Bolivia,Headline Consumer Price Inflation,2020,0.94
218,BOL,Bolivia,Headline Consumer Price Inflation,2021,0.74
223,BRA,Brazil,Headline Consumer Price Inflation,2011,6.64
223,BRA,Brazil,Headline Consumer Price Inflation,2012,5.4
223,BRA,Brazil,Headline Consumer Price Inflation,2013,6.2
223,BRA,Brazil,Headline Consumer Price Inflation,2014,6.33
223,BRA,Brazil,Headline Consumer Price Inflation,2015,9.03
223,BRA,Brazil,Headline Consumer Price Inflation,2016,8.74
223,BRA,Brazil,Headline Consumer Price Inflation,2017,3.45
223,BRA,Brazil,Headline Consumer Price Inflation,2018,3.66
223,BRA,Brazil,Headline Consumer Price Inflation,2019,3.73
223,BRA,Brazil,Headline Consumer Price Inflation,2020,3.21
223,BRA,Brazil,Headline Consumer Price Inflation,2021,8.3
156,CAN,Canada,Headline Consumer Price Inflation,2011,2.91
156,CAN,Canada,Headline Consumer Price Inflation,2012,1.52
156,CAN,Canada,Headline Consumer Price Inflation,2013,0.94
156,CAN,Canada,Headline Consumer Price Inflation,2014,1.91
156,CAN,Canada,Headline Consumer Price Inflation,2015,1.13
156,CAN,Canada,Headline Consumer Price Inflation,2016,1.43
156,CAN,Canada,Headline Consumer Price Inflation,2017,1.6
156,CAN,Canada,Headline Consumer Price Inflation,2018,2.27
156,CAN,Canada,Headline Consumer Price Inflation,2019,1.95
156,CAN,Canada,Headline Consumer Price Inflation,2020,0.72
156,CAN,Canada,Headline Consumer Price Inflation,2021,3.4
228,CHL,Chile,Headline Consumer Price Inflation,2011,3.34
228,CHL,Chile,Headline Consumer Price Inflation,2012,3.01
228,CHL,Chile,Headline Consumer Price Inflation,2013,1.93
228,CHL,Chile,Headline Consumer Price Inflation,2014,4.39
228,CHL,Chile,Headline Consumer Price Inflation,2015,4.35
228,CHL,Chile,Headline Consumer Price Inflation,2016,3.79
228,CHL,Chile,Headline Consumer Price Inflation,2017,2.18
228,CHL,Chile,Headline Consumer Price Inflation,2018,2.44
228,CHL,Chile,Headline Consumer Price Inflation,2019,2.25
228,CHL,Chile,Headline Consumer Price Inflation,2020,3.05
228,CHL,Chile,Headline Consumer Price Inflation,2021,4.52
233,COL,Colombia,Headline Consumer Price Inflation,2011,3.42
233,COL,Colombia,Headline Consumer Price Inflation,2012,3.17
233,COL,Colombia,Headline Consumer Price Inflation,2013,2.02
233,COL,Colombia,Headline Consumer Price Inflation,2014,2.9
233,COL,Colombia,Headline Consumer Price Inflation,2015,4.99
233,COL,Colombia,Headline Consumer Price Inflation,2016,7.51
233,COL,Colombia,Headline Consumer Price Inflation,2017,4.31
233,COL,Colombia,Headline Consumer Price Inflation,2018,3.24
233,COL,Colombia,Headline Consumer Price Inflation,2019,3.52
233,COL,Colombia,Headline Consumer Price Inflation,2020,2.52
233,COL,Colombia,Headline Consumer Price Inflation,2021,3.5
238,CRI,Costa Rica,Headline Consumer Price Inflation,2011,4.88
238,CRI,Costa Rica,Headline Consumer Price Inflation,2012,4.5
238,CRI,Costa Rica,Headline Consumer Price Inflation,2013,5.23
238,CRI,Costa Rica,Headline Consumer Price Inflation,2014,4.52
238,CRI,Costa Rica,Headline Consumer Price Inflation,2015,0.8
238,CRI,Costa Rica,Headline Consumer Price Inflation,2016,-0.02
238,CRI,Costa Rica,Headline Consumer Price Inflation,2017,1.63
238,CRI,Costa Rica,Headline Consumer Price Inflation,2018,2.22
238,CRI,Costa Rica,Headline Consumer Price Inflation,2019,2.1
238,CRI,Costa Rica,Headline Consumer Price Inflation,2020,0.72
238,CRI,Costa Rica,Headline Consumer Price Inflation,2021,1.73
243,DOM,Dominican Republic,Headline Consumer Price Inflation,2011,8.45
243,DOM,Dominican Republic,Headline Consumer Price Inflation,2012,3.68
243,DOM,Dominican Republic,Headline Consumer Price Inflation,2013,4.82
243,DOM,Dominican Republic,Headline Consumer Price Inflation,2014,3.01
243,DOM,Dominican Republic,Headline Consumer Price Inflation,2015,0.85
243,DOM,Dominican Republic,Headline Consumer Price Inflation,2016,1.63
243,DOM,Dominican Republic,Headline Consumer Price Inflation,2017,3.28
243,DOM,Dominican Republic,Headline Consumer Price Inflation,2018,3.56
243,DOM,Dominican Republic,Headline Consumer Price Inflation,2019,1.81
243,DOM,Dominican Republic,Headline Consumer Price Inflation,2020,3.78
243,DOM,Dominican Republic,Headline Consumer Price Inflation,2021,8.24
248,ECU,Ecuador,Headline Consumer Price Inflation,2011,4.47
248,ECU,Ecuador,Headline Consumer Price Inflation,2012,5.1
248,ECU,Ecuador,Headline Consumer Price Inflation,2013,2.72
248,ECU,Ecuador,Headline Consumer Price Inflation,2014,3.59
248,ECU,Ecuador,Headline Consumer Price Inflation,2015,3.97
248,ECU,Ecuador,Headline Consumer Price Inflation,2016,1.73
248,ECU,Ecuador,Headline Consumer Price Inflation,2017,0.42
248,ECU,Ecuador,Headline Consumer Price Inflation,2018,-0.22
248,ECU,Ecuador,Headline Consumer Price Inflation,2019,0.27
248,ECU,Ecuador,Headline Consumer Price Inflation,2020,-0.34
248,ECU,Ecuador,Headline Consumer Price Inflation,2021,0.13
258,GTM,Guatemala,Headline Consumer Price Inflation,2011,6.21
258,GTM,Guatemala,Headline Consumer Price Inflation,2012,3.78
258,GTM,Guatemala,Headline Consumer Price Inflation,2013,4.34
258,GTM,Guatemala,Headline Consumer Price Inflation,2014,3.42
258,GTM,Guatemala,Headline Consumer Price Inflation,2015,2.39
258,GTM,Guatemala,Headline Consumer Price Inflation,2016,4.45
258,GTM,Guatemala,Headline Consumer Price Inflation,2017,4.43
258,GTM,Guatemala,Headline Consumer Price Inflation,2018,3.75
258,GTM,Guatemala,Headline Consumer Price Inflation,2019,3.7
258,GTM,Guatemala,Headline Consumer Price Inflation,2020,3.21
258,GTM,Guatemala,Headline Consumer Price Inflation,2021,4.26
268,HND,Honduras,Headline Consumer Price Inflation,2011,6.76
268,HND,Honduras,Headline Consumer Price Inflation,2012,5.2
268,HND,Honduras,Headline Consumer Price Inflation,2013,5.15
268,HND,Honduras,Headline Consumer Price Inflation,2014,6.13
268,HND,Honduras,Headline Consumer Price Inflation,2015,3.16
268,HND,Honduras,Headline Consumer Price Inflation,2016,2.72
268,HND,Honduras,Headline Consumer Price Inflation,2017,3.93
268,HND,Honduras,Headline Consumer Price Inflation,2018,4.34
268,HND,Honduras,Headline Consumer Price Inflation,2019,4.36
268,HND,Honduras,Headline Consumer Price Inflation,2020,3.47
268,HND,Honduras,Headline Consumer Price Inflation,2021,4.48
263,HTI,Haiti,Headline Consumer Price Inflation,2011,7.39
263,HTI,Haiti,Headline Consumer Price Inflation,2012,6.78
263,HTI,Haiti,Headline Consumer Price Inflation,2013,6.78
263,HTI,Haiti,Headline Consumer Price Inflation,2014,3.94
263,HTI,Haiti,Headline Consumer Price Inflation,2015,7.52
263,HTI,Haiti,Headline Consumer Price Inflation,2016,13.38
263,HTI,Haiti,Headline Consumer Price Inflation,2017,14.74
263,HTI,Haiti,Headline Consumer Price Inflation,2018,12.89
263,HTI,Haiti,Headline Consumer Price Inflation,2019,17.31
263,HTI,Haiti,Headline Consumer Price Inflation,2020,22.8
263,HTI,Haiti,Headline Consumer Price Inflation,2021,16.84
343,JAM,Jamaica,Headline Consumer Price Inflation,2011,7.53
343,JAM,Jamaica,Headline Consumer Price Inflation,2012,6.88
343,JAM,Jamaica,Headline Consumer Price Inflation,2013,9.35
343,JAM,Jamaica,Headline Consumer Price Inflation,2014,8.3
343,JAM,Jamaica,Headline Consumer Price Inflation,2015,3.68
343,JAM,Jamaica,Headline Consumer Price Inflation,2016,2.35
343,JAM,Jamaica,Headline Consumer Price Inflation,2017,4.38
343,JAM,Jamaica,Headline Consumer Price Inflation,2018,3.73
343,JAM,Jamaica,Headline Consumer Price Inflation,2019,3.91
343,JAM,Jamaica,Headline Consumer Price Inflation,2020,5.23
343,JAM,Jamaica,Headline Consumer Price Inflation,2021,5.86
273,MEX,Mexico,Headline Consumer Price Inflation,2011,3.41
273,MEX,Mexico,Headline Consumer Price Inflation,2012,4.11
273,MEX,Mexico,Headline Consumer Price Inflation,2013,3.81
273,MEX,Mexico,Headline Consumer Price Inflation,2014,4.02
273,MEX,Mexico,Headline Consumer Price Inflation,2015,2.72
273,MEX,Mexico,Headline Consumer Price Inflation,2016,2.82
273,MEX,Mexico,Headline Consumer Price Inflation,2017,6.04
273,MEX,Mexico,Headline Consumer Price Inflation,2018,4.9
273,MEX,Mexico,Headline Consumer Price Inflation,2019,3.63
273,MEX,Mexico,Headline Consumer Price Inflation,2020,3.4
273,MEX,Mexico,Headline Consumer Price Inflation,2021,5.69
278,NIC,Nicaragua,Headline Consumer Price Inflation,2011,8.08
278,NIC,Nicaragua,Headline Consumer Price Inflation,2012,7.19
278,NIC,Nicaragua,Headline Consumer Price Inflation,2013,7.14
278,NIC,Nicaragua,Headline Consumer Price Inflation,2014,6.04
278,NIC,Nicaragua,Headline Consumer Price Inflation,2015,3.99
278,NIC,Nicaragua,Headline Consumer Price Inflation,2016,3.52
278,NIC,Nicaragua,Headline Consumer Price Inflation,2017,3.85
278,NIC,Nicaragua,Headline Consumer Price Inflation,2018,4.94
278,NIC,Nicaragua,Headline Consumer Price Inflation,2019,5.38
278,NIC,Nicaragua,Headline Consumer Price Inflation,2020,3.68
278,NIC,Nicaragua,Headline Consumer Price Inflation,2021,4.93
283,PAN,Panama,Headline Consumer Price Inflation,2011,5.84
283,PAN,Panama,Headline Consumer Price Inflation,2012,5.69
283,PAN,Panama,Headline Consumer Price Inflation,2013,4.05
283,PAN,Panama,Headline Consumer Price Inflation,2014,2.63
283,PAN,Panama,Headline Consumer Price Inflation,2015,0.13
283,PAN,Panama,Headline Consumer Price Inflation,2016,0.76
283,PAN,Panama,Headline Consumer Price Inflation,2017,0.88
283,PAN,Panama,Headline Consumer Price Inflation,2018,0.77
283,PAN,Panama,Headline Consumer Price Inflation,2019,-0.35
283,PAN,Panama,Headline Consumer Price Inflation,2020,-1.55
283,PAN,Panama,Headline Consumer Price Inflation,2021,1.63
293,PER,Peru,Headline Consumer Price Inflation,2011,3.37
293,PER,Peru,Headline Consumer Price Inflation,2012,3.66
293,PER,Peru,Headline Consumer Price Inflation,2013,2.81
293,PER,Peru,Headline Consumer Price Inflation,2014,3.25
293,PER,Peru,Headline Consumer Price Inflation,2015,3.55
293,PER,Peru,Headline Consumer Price Inflation,2016,3.59
293,PER,Peru,Headline Consumer Price Inflation,2017,2.8
293,PER,Peru,Headline Consumer Price Inflation,2018,1.32
293,PER,Peru,Headline Consumer Price Inflation,2019,2.14
293,PER,Peru,Headline Consumer Price Inflation,2020,1.83
293,PER,Peru,Headline Consumer Price Inflation,2021,4.27
566,PHL,Philippines,Headline Consumer Price Inflation,2011,4.72
566,PHL,Philippines,Headline Consumer Price Inflation,2012,3.17
566,PHL,Philippines,Headline Consumer Price Inflation,2013,2.95
566,PHL,Philippines,Headline Consumer Price Inflation,2014,4.17
566,PHL,Philippines,Headline Consumer Price Inflation,2015,1.4
566,PHL,Philippines,Headline Consumer Price Inflation,2016,1.81
566,PHL,Philippines,Headline Consumer Price Inflation,2017,2.85
566,PHL,Philippines,Headline Consumer Price Inflation,2018,5.26
566,PHL,Philippines,Headline Consumer Price Inflation,2019,2.48
566,PHL,Philippines,Headline Consumer Price Inflation,2020,2.64
566,PHL,Philippines,Headline Consumer Price Inflation,2021,3.93
359,PRI,Puerto Rico,Headline Consumer Price Inflation,2011,2.9
359,PRI,Puerto Rico,Headline Consumer Price Inflation,2012,1.35
359,PRI,Puerto Rico,Headline Consumer Price Inflation,2013,1.06
359,PRI,Puerto Rico,Headline Consumer Price Inflation,2014,0.57
359,PRI,Puerto Rico,Headline Consumer Price Inflation,2015,-0.75
359,PRI,Puerto Rico,Headline Consumer Price Inflation,2016,-0.29
359,PRI,Puerto Rico,Headline Consumer Price Inflation,2017,1.75
359,PRI,Puerto Rico,Headline Consumer Price Inflation,2018,1.27
359,PRI,Puerto Rico,Headline Consumer Price Inflation,2019,0.1
359,PRI,Puerto Rico,Headline Consumer Price Inflation,2020,-1.3
359,PRI,Puerto Rico,Headline Consumer Price Inflation,2021,2.48
288,PRY,Paraguay,Headline Consumer Price Inflation,2011,8.24
288,PRY,Paraguay,Headline Consumer Price Inflation,2012,3.68
288,PRY,Paraguay,Headline Consumer Price Inflation,2013,2.67
288,PRY,Paraguay,Headline Consumer Price Inflation,2014,5
288,PRY,Paraguay,Headline Consumer Price Inflation,2015,3.13
288,PRY,Paraguay,Headline Consumer Price Inflation,2016,4.08
288,PRY,Paraguay,Headline Consumer Price Inflation,2017,3.6
288,PRY,Paraguay,Headline Consumer Price Inflation,2018,3.96
288,PRY,Paraguay,Headline Consumer Price Inflation,2019,2.76
288,PRY,Paraguay,Headline Consumer Price Inflation,2020,1.77
288,PRY,Paraguay,Headline Consumer Price Inflation,2021,4.79
